userId,movieId,rating
1,306,3.5
1,307,5
1,899,3.5
1,1088,4
1,1175,3.5
1,1217,3.5
1,1237,5
1,1250,4
1,1260,3.5
1,2011,2.5
1,2012,2.5
1,2161,3.5
1,2351,4.5
1,2573,4
1,2632,5
1,2692,5
1,2843,4.5
1,3448,4
1,3569,5
1,3949,5
1,4144,5
1,4308,3
1,4325,5
1,4422,3
1,4703,4
1,5269,0.5
1,5684,2
1,5767,5
1,5912,3
1,5952,4
1,6377,4
1,6539,3.5
1,6711,5
1,6954,3.5
1,7234,4.5
1,7318,2
1,7327,3.5
1,7361,5
1,7937,3
1,7940,4.5
1,8014,3.5
1,8327,5
1,8360,4
1,8405,3.5
1,8685,1
1,8729,3.5
1,27193,3
1,27266,4.5
1,31956,3.5
2,62,0.5
2,151,4.5
2,236,4
2,261,0.5
2,266,1
2,333,5
2,349,4.5
2,497,4
2,524,3.5
2,527,5
2,534,4.5
2,553,2
2,653,3
2,733,4.5
2,914,4
2,953,4.5
2,1035,1
2,1080,1
2,1136,5
2,1196,5
2,1246,4
2,1257,5
2,1270,4
2,1271,1.5
2,1275,4.5
2,1283,4
2,1287,5
2,1293,5
2,1302,3
2,1356,5
2,1374,4.5
2,1376,5
2,1393,4
2,1431,3
2,1465,3
2,1485,3
2,1488,5
2,1527,3
2,1580,4.5
2,1584,5
2,1587,1
2,1610,5
2,1672,4.5
2,1674,4
2,1682,4.5
2,1693,4
2,1722,0.5
2,1907,4
2,1923,0.5
2,1957,3.5
2,2028,4
2,2083,4.5
2,2138,4.5
2,2139,4
2,2150,5
2,2194,5
2,2268,4.5
2,2273,2
2,2294,4.5
2,2355,4.5
2,2359,5
2,2470,5
2,2496,4
2,2501,4.5
2,2571,5
2,2617,4
2,2640,5
2,2643,0.5
2,2694,4
2,2720,0.5
2,2761,0.5
2,2762,4
2,2797,1
2,2918,4.5
2,2987,0.5
2,3098,3
2,3105,4
2,3107,3
2,3114,4.5
2,3175,3.5
2,3360,5
2,3396,4.5
2,3479,2
2,3510,4
2,3578,5
2,3793,5
2,3889,2.5
2,3916,3
2,3948,3
2,3994,3
2,4016,5
2,4019,3.5
2,4022,5
2,4103,4.5
2,4299,4.5
2,4306,4.5
2,4535,3
2,4571,1.5
2,4857,1
2,4874,4.5
2,4896,5
2,4963,4
2,4993,5
2,4995,5
2,5010,2
2,5103,5
2,5349,5
2,5418,5
2,5445,3.5
2,5816,5
2,5952,5
2,5955,4
2,6156,2
2,6157,3.5
2,6213,2.5
2,6287,2
2,6311,5
2,6333,5
2,6539,5
2,6565,3
2,6753,3
2,6879,5
2,6947,4
2,7004,2
2,7007,0.5
2,7075,5
2,7090,2
2,7143,5
2,7153,5
2,7162,0.5
2,7386,4
2,7624,3.5
2,8010,5
2,8360,4
2,8636,5
2,8665,4
2,8958,2.5
2,8970,5
2,27821,4.5
2,30749,5
2,30848,0.5
2,31923,3.5
2,33493,4.5
2,33794,5
2,34162,0.5
2,35836,0.5
2,36527,3.5
2,40815,5
3,32,4.5
3,111,4
3,172,4
3,214,5
3,442,3.5
3,527,4
3,541,5
3,745,5
3,912,4.5
3,913,4
3,924,5
3,1148,5
3,1196,4
3,1200,4
3,1206,4
3,1208,4
3,1213,5
3,1214,4
3,1217,5
3,1221,5
3,1222,4
3,1240,4
3,1252,5
3,1270,3.5
3,1356,4
3,1527,4.5
3,1584,4
3,1676,3.5
3,1682,4
3,1732,4.5
3,1748,4.5
3,1882,2
3,1909,4
3,1960,4
3,2021,4
3,2105,3
3,2329,5
3,2571,4
3,2628,4
3,2641,3
3,2858,5
3,2938,4
3,2959,5
3,3156,4.5
3,3285,3
3,3300,4.5
3,3301,4
3,3408,3.5
3,3452,3
3,3471,4
3,3484,3
3,3527,4
3,3534,3
3,3535,4
3,3578,4.5
3,3646,2
3,3702,4.5
3,3730,4
3,3744,4
3,3745,3.5
3,3751,4
3,3753,3
3,3755,3
3,3785,3
3,3793,4
3,3798,3
3,3825,2
3,3827,2.5
3,3863,3
3,3879,3.5
3,3948,3
3,3968,3
3,3969,4
3,3977,2.5
3,3979,2.5
3,3980,4
3,3986,3.5
3,3988,3
3,3994,4
3,3999,3
3,4018,3
3,4019,4
3,4022,4
3,4025,2.5
3,4027,4.5
3,4069,3
3,4148,3.5
3,4167,3.5
3,4232,3.5
3,4234,3.5
3,4306,4
3,4308,3
3,4340,2
3,4343,3
3,4344,4
3,4366,3.5
3,4368,2
3,4369,4
3,4388,3
3,4447,2.5
3,4448,4
3,4571,3
3,4643,4
3,4701,3
3,4718,2.5
3,4776,4
3,4816,3.5
3,4844,4
3,4866,4
3,4874,3.5
3,4887,3
3,4901,4
3,4958,3.5
3,4963,4
3,4979,4
3,4992,3.5
3,4993,4
3,4995,4
3,5004,4
3,5013,4
3,5014,4
3,5108,3.5
3,5218,4
3,5219,3.5
3,5254,3
3,5266,3.5
3,5293,3.5
3,5313,2.5
3,5349,4
3,5364,3.5
3,5377,3
3,5378,3.5
3,5400,4
3,5418,5
3,5445,3.5
3,5449,2.5
3,5459,3.5
3,5502,3
3,5507,3.5
3,5528,3.5
3,5630,3
3,5669,3.5
3,5679,3
3,5782,4
3,5785,2
3,5810,3.5
3,5816,3.5
3,5853,3
3,5872,4
3,5900,3
3,5903,4
3,5944,3.5
3,5945,4
3,5952,4
3,5954,4.5
3,5956,4
3,5959,4
3,5989,4
3,6059,3.5
3,6155,3
3,6156,3
3,6213,3
3,6281,2.5
3,6287,3
3,6323,4
3,6333,4
3,6365,4
3,6373,3
3,6377,4
3,6378,3
3,6383,4
3,6440,4
3,6482,2
3,6502,3
3,6534,3.5
3,6535,2
3,6537,3.5
3,6539,4
3,6541,3.5
3,6550,3
3,6586,3.5
3,6595,3
3,6708,4
3,6711,4
3,6754,4
3,6863,3
3,6870,4.5
3,6873,3.5
3,6874,4.5
3,6879,4
3,6934,4
3,6952,3.5
3,7090,4
3,7143,2.5
3,7149,4
3,7153,4
3,7154,4
3,7163,3.5
3,7293,3
3,7325,2
3,7346,3
3,7347,4
3,7361,4.5
3,7373,4
3,7438,4
3,7439,3.5
3,7445,3.5
3,7454,3.5
3,7458,4
3,8360,3.5
3,8361,2.5
3,8371,4.5
3,8528,3
3,8529,3.5
3,8665,4
3,8666,3
3,8781,3.5
3,8783,4
3,8798,3.5
3,8810,3
3,8861,3.5
3,8865,4
3,8874,4
3,8958,4
3,8965,4
3,8969,3
3,8983,4
3,8985,3.5
3,27134,4.5
3,27706,3.5
3,27728,5
3,27773,5
3,27793,3
3,30707,4
3,30793,3.5
3,30825,3.5
3,31221,3
3,31685,3
3,31696,4
3,31804,4.5
3,31878,4
3,32587,4
3,33004,4
3,33493,4
3,33615,4
3,33679,3
3,33794,4
3,34048,3
3,34150,3.5
3,34162,3
3,34319,3.5
3,34405,4
3,35836,3
3,36529,4
3,37386,4
3,37729,4
3,37741,4.5
3,39435,3
3,40583,4
3,40815,4
3,40819,4
3,41569,3
3,42738,4
3,43928,2.5
3,44022,4
3,44191,4
3,45186,3.5
3,45447,3.5
3,45499,4
3,45501,3
3,45517,4
3,45672,3
3,45722,4
3,46335,3.5
3,46578,4
3,46965,3
3,46970,3.5
3,46972,3
3,47200,4
3,47610,4
3,48385,3.5
3,48516,5
3,48738,4
3,48780,4
3,49272,4
3,49274,4
3,49530,3.5
3,49822,4
3,50068,4
3,50872,4
3,51255,4
3,51662,4
3,51935,4
3,52604,4
3,52722,3.5
3,52950,4.5
3,53121,3.5
3,53125,4
3,53129,4
3,53464,3.5
3,53972,4
3,53996,4
3,54001,4
3,54286,4
3,54503,3.5
3,54648,3
3,54997,4
3,55232,4
3,55765,4
3,55805,4
3,56145,3
3,56156,3
3,56171,4.5
3,56174,3.5
3,56587,4
3,56949,3
3,57368,2.5
3,57528,3
3,57640,4
3,58025,3
3,59315,4
3,59369,3
3,59784,4
3,59900,3
3,60040,3
3,60072,3.5
3,60074,4
3,60126,3
3,60684,4.5
3,60756,3.5
3,60760,3
3,61132,3
3,61160,4
3,61248,2.5
3,61323,4
3,61350,3
3,62999,3.5
3,63062,4
3,63072,4
3,63113,4
3,63859,4
3,63876,4
3,64030,3.5
3,64614,4
3,64839,3.5
3,64957,4
3,65514,4
3,65682,4
3,66097,4
3,67923,3.5
3,68319,4
3,68358,4
3,68791,3.5
3,68793,3
3,68952,2.5
3,69122,4
3,69481,3.5
3,69526,4
3,69640,4
3,69844,3.5
3,70286,4
3,70293,4
3,70305,3
3,70336,3
3,71057,4.5
3,71156,4
3,71464,4
3,71530,3.5
3,71535,4
3,72011,4
3,72209,3
3,72378,2.5
3,72641,4
3,72701,3
3,72998,4
3,73268,4
3,73321,4
3,74458,4
3,74789,4
3,76093,4
3,76251,4
3,77561,4
3,78469,3
3,79132,5
3,79224,2
3,79293,4
3,79695,3
3,80363,3
3,80463,4
3,81229,4
3,81537,3
3,81564,4
3,81834,3.5
3,81845,4
3,82095,2
3,82202,3
3,82461,4
3,83349,3
3,83613,3.5
3,84152,4
3,84772,3.5
3,84954,4
3,85020,3
3,85056,3.5
3,85131,2.5
3,85261,3
3,85414,4
3,86332,4
3,86644,3.5
3,86911,3.5
3,87232,4
3,87306,3.5
3,87430,3
3,87520,3
3,88125,3.5
3,88140,3.5
3,88405,3
3,88744,4
3,89492,4
3,89745,4
3,90249,3.5
3,91529,4
3,91542,4
3,91658,4
3,91974,3.5
3,91976,3
3,93363,4
3,93805,3.5
3,94018,2.5
3,94677,3.5
3,94864,4
3,95441,3.5
3,95510,4
3,95875,4
3,96079,3.5
3,96610,4
3,96691,3
3,96737,4
3,96861,3
3,97225,3.5
3,97306,4
3,97921,3.5
3,97923,3.5
3,98809,4
3,99112,3.5
3,99114,4
3,101864,4
3,102125,4
3,102407,4
3,102445,4
3,102686,3
3,102716,3.5
3,102880,3
3,103075,3
3,103141,3.5
3,103228,3
3,103249,3.5
3,103253,4
3,103384,3.5
3,103772,3.5
3,103810,3.5
3,104241,3.5
3,104243,4.5
3,105213,3
3,106002,4
3,106072,4
3,106487,3
3,106489,3.5
3,106782,4.5
3,106920,4
3,107348,3.5
3,107406,4
3,108190,3.5
3,108932,4
3,109578,3
3,110102,4
3,110407,3.5
3,110730,4
3,111113,2.5
3,111360,4
3,111362,4
3,111443,3.5
3,111659,4
3,111759,4
3,112138,3
3,112370,3
3,112552,5
3,112623,4
3,113345,4
3,114180,3.5
3,114935,4
3,115569,4
3,115713,4.5
3,116797,4
3,116823,3.5
3,117529,3
3,117533,4
3,120466,3.5
3,122882,3.5
3,122886,3
3,122892,3.5
3,122906,4
3,122912,3.5
3,122914,3.5
3,122918,4
3,122920,3.5
3,122922,4
3,122924,3.5
3,129354,3
3,130490,3.5
3,130634,3
3,132046,3
3,134853,4
3,135133,3.5
3,135143,3.5
3,135536,3.5
3,135569,3.5
3,136449,5
3,136469,4
3,139644,4
3,140956,3.5
3,142509,3.5
3,143385,4
3,148626,4
3,148855,4
3,149406,4
3,151763,4
3,158238,3
3,158966,3.5
3,159093,3.5
3,166528,4
3,166635,3.5
3,168252,4
3,171763,3.5
3,175197,3.5
3,176101,3.5
3,176371,4.5
3,179819,3.5
3,182823,3
3,187541,3.5
3,187593,4.5
4,541,4.5
4,924,4
4,1036,4
4,1080,3.5
4,1136,4.5
4,1196,4
4,1200,3.5
4,1214,2.5
4,1220,4
4,1265,4
4,1270,2.5
4,1278,4
4,1288,3.5
4,1527,3.5
4,1580,4.5
4,1610,3.5
4,1732,4.5
4,1907,4
4,2028,4.5
4,2571,4.5
4,2716,4
4,2791,4
4,2918,3.5
4,2985,4
4,2993,3.5
4,3033,3
4,3039,3.5
4,3114,3
4,3175,4
4,3624,2.5
4,3671,4
4,3751,3.5
4,3793,1.5
4,3827,3
4,4308,3.5
4,4709,2
4,4816,4
4,4963,4.5
4,4974,4
4,4993,4.5
4,5110,4.5
4,5219,2
4,5299,2.5
4,5418,3.5
4,5444,4
4,5618,5
4,5903,4
4,5952,4.5
4,6156,3
4,6377,3
4,6539,4
4,6550,3.5
4,6863,4
4,6874,4.5
4,6947,4
4,7143,3.5
4,7153,4
4,7324,3
4,7373,4
4,7438,3.5
4,7451,4
4,7569,3.5
4,8665,3.5
4,8874,4
4,33794,3.5
4,34048,2.5
4,34405,3.5
4,38038,3.5
4,44191,2.5
4,44193,3
4,44665,5
4,45431,2
4,45517,2.5
4,45722,3.5
4,46948,2.5
4,46972,3.5
4,48780,5
4,49272,3.5
4,49396,3.5
4,50601,1.5
4,50872,4.5
4,51255,4.5
4,51935,2.5
4,53125,4.5
4,53956,4.5
4,54286,3.5
4,54881,3.5
4,61132,4
4,63859,1.5
4,69122,3.5
4,69526,1.5
4,70286,4.5
4,71057,5
4,71264,1
4,72226,4
4,72998,2.5
4,74458,5
4,76093,2
4,76175,1.5
4,77561,1
4,77866,2
4,78893,0.5
4,79132,4.5
4,79695,2
4,79702,4.5
4,81229,3
4,81564,3.5
4,81834,1
4,82461,2.5
4,83134,4.5
4,83613,0.5
4,85414,4
4,86332,2
4,86345,4
4,87306,3
4,87430,1
4,87520,1
4,88125,1
4,88140,2.5
4,89745,2.5
4,91485,2.5
4,91529,4.5
4,91542,3
4,93363,2.5
4,93510,4
4,93838,4
4,93840,4.5
4,94864,0.5
4,96079,2.5
4,96110,1
4,96610,3.5
4,96737,4.5
4,97304,2
4,98809,2.5
4,99112,3.5
4,99114,4
4,101864,3.5
4,102125,1.5
4,102445,3
4,103228,4
4,103249,2
4,103253,3
4,103341,3.5
4,103384,2
4,103772,2
4,106002,1
4,106489,1.5
4,106916,3
4,107406,5
4,108932,3.5
4,110102,3.5
4,111360,1.5
4,111759,4
4,111781,3.5
4,112138,4
4,112552,4.5
4,115122,4
4,115149,4
4,115569,5
4,115713,5
4,116823,2
4,119145,4.5
4,122882,5
4,122886,2
4,122904,3.5
4,122912,0.5
4,122914,3
4,122918,3
4,127098,4
4,139644,5
4,142115,4
4,148426,2
4,148626,4
4,152081,4.5
4,156706,3.5
4,159817,5
4,166528,4
4,171011,5
4,171763,4.5
4,173145,2.5
4,174055,5
4,176101,3
4,176371,4.5
4,179401,3.5
4,179819,2.5
4,180989,3
4,182715,4.5
4,187541,3.5
4,187593,3.5
4,189333,4
4,195159,5
4,203375,4.5
4,203519,2.5
5,19,4
5,32,5
5,36,5
5,39,2
5,88,4
5,95,3
5,104,4
5,113,3
5,122,3
5,141,5
5,147,5
5,153,3
5,170,4
5,191,2
5,216,4
5,218,3
5,219,3
5,224,4
5,231,4
5,235,3
5,238,2
5,248,2
5,253,4
5,267,2
5,277,3
5,288,4
5,292,5
5,300,3
5,312,3
5,333,4
5,340,5
5,342,3
5,344,4
5,350,5
5,372,4
5,432,3
5,435,2
5,441,4
5,477,4
5,487,3
5,491,3
5,500,4
5,524,3
5,542,4
5,553,3
5,608,3
5,628,5
5,671,5
5,733,5
5,736,3
5,784,2
5,786,2
5,802,5
5,1016,3
5,1035,4
5,1042,4
5,1061,5
5,1073,3
5,1093,3
5,1097,3
5,1120,4
5,1194,3
5,1196,5
5,1234,5
5,1235,4
5,1246,5
5,1265,4
5,1270,3
5,1271,4
5,1290,3
5,1302,4
5,1344,3
5,1357,5
5,1380,4
5,1407,5
5,1409,4
6,161,2
6,527,5
6,608,5
6,902,4
6,912,4
6,913,4
6,919,5
6,924,4
6,1097,4
6,1183,2
6,1196,5
6,1203,5
6,1213,5
6,1466,3
6,1704,5
6,1951,4
6,2028,3
6,2396,4
6,2421,3
6,2815,3
6,2858,5
7,10,3
7,17,4
7,58,5
7,153,3
7,165,3
7,185,3
7,232,4
7,265,4
7,288,3
7,306,5
7,307,4
7,329,3
7,344,2
7,410,3
7,527,5
8,6,3
8,7,1
8,10,4
8,11,3
8,16,4
8,18,4
8,21,3
8,25,3
8,27,3
8,32,3
8,39,3
8,62,4
8,69,5
8,95,4
8,103,2
8,104,5
8,112,5
8,161,5
8,163,4
8,165,5
8,180,4
8,198,5
8,201,1
8,207,2
8,209,4
8,225,2
8,237,4
8,253,4
8,290,4
8,292,5
8,316,2
8,325,3
8,333,5
8,344,5
8,358,4
8,377,5
8,428,4
8,442,3
8,454,5
8,474,4
8,490,4
8,494,3
8,511,4
8,524,4
8,551,2
8,553,2
8,575,4
8,594,2
8,608,4
8,628,4
8,648,5
8,708,2
8,725,3
8,733,4
8,785,4
8,786,5
8,799,4
8,805,3
8,875,4
8,903,4
8,923,3
8,924,5
8,953,4
8,1012,3
8,1020,4
8,1022,4
8,1029,3
8,1036,4
8,1049,2
8,1092,5
8,1101,3
8,1129,2
8,1196,3
8,1200,3
8,1203,4
8,1207,2
8,1213,4
8,1214,4
8,1220,4
8,1222,3
8,1240,2
8,1242,5
8,1258,5
8,1259,4
8,1265,4
8,1270,4
8,1282,2
8,1283,3
8,1287,1
8,1358,4
8,1370,4
8,1385,5
8,1391,4
8,1393,4
8,1407,5
8,1409,3
8,1429,3
8,1438,4
8,1440,2
8,1479,3
8,1485,5
8,1527,4
8,1552,5
8,1573,5
8,1580,5
8,1584,4
8,1597,4
8,1600,3
8,1603,2
8,1614,3
8,1616,2
8,1617,5
8,1625,2
8,1645,4
8,1672,4
8,1704,4
8,1717,3
8,1721,4
8,1722,3
8,1729,5
8,1747,4
8,1777,3
8,1783,3
9,2,5
9,10,5
9,34,3
9,39,3
9,61,4
9,105,4
9,116,5
9,158,4
9,161,5
9,165,4
9,168,5
9,225,5
9,256,5
9,273,3
9,276,4
9,277,5
9,280,4
9,317,4
9,329,5
9,350,5
9,355,5
9,361,4
9,362,5
9,366,3
9,370,2
9,374,3
9,378,4
9,387,3
9,410,3
9,419,4
9,420,4
9,432,3
9,434,5
9,435,3
9,442,3
9,445,4
9,454,4
9,455,4
9,464,4
9,466,2
9,474,4
9,500,5
9,516,3
9,519,5
9,520,3
9,540,4
9,541,4
9,585,3
9,586,5
9,587,5
9,594,5
9,596,4
9,597,5
9,611,1
9,616,5
9,667,5
9,805,5
9,818,3
9,852,4
9,914,5
9,919,5
9,920,5
9,924,3
9,934,4
9,943,4
9,953,4
9,954,4
9,968,3
9,969,3
9,971,3
9,1005,4
9,1007,4
9,1008,5
9,1010,4
9,1012,4
9,1013,3
9,1014,4
9,1015,4
9,1017,3
9,1018,3
9,1019,4
9,1021,4
9,1023,3
9,1028,5
9,1029,3
9,1030,4
9,1031,5
9,1035,5
9,1036,4
9,1073,5
9,1079,3
9,1084,4
9,1088,5
9,1090,4
9,1092,4
9,1097,4
9,1100,3
9,1101,4
9,1124,4
9,1126,4
9,1129,4
9,1135,4
9,1194,3
9,1196,4
9,1200,3
9,1204,3
9,1208,4
9,1214,4
9,1219,3
9,1221,2
9,1222,4
9,1225,3
9,1240,4
9,1246,4
9,1247,4
9,1250,5
9,1258,4
9,1259,4
9,1262,3
9,1265,3
9,1266,1
9,1270,4
9,1271,4
9,1290,3
9,1298,4
9,1302,3
9,1307,3
9,1321,3
9,1322,3
9,1326,3
9,1327,3
9,1328,3
9,1333,5
9,1343,4
9,1344,3
9,1345,4
9,1347,3
9,1350,3
9,1356,5
9,1367,5
9,1370,4
9,1371,5
9,1372,5
9,1373,5
9,1374,5
9,1375,5
9,1376,5
9,1378,1
9,1379,1
9,1380,5
9,1381,3
9,1385,4
9,1387,3
9,1388,3
9,1389,3
9,1394,1
9,5060,3
10,32,4
10,193,1
10,608,3.5
10,924,4.5
10,1186,3
10,1196,5
10,1347,3
10,1717,2
10,1960,3.5
10,1962,3
10,2085,2
10,2094,1.5
10,2505,3.5
10,2605,3.5
10,2707,3
10,2826,2
10,2915,3
10,2944,3
10,3361,3
10,3863,4
10,3868,4
10,3986,4
10,4361,3
10,5508,3
10,5810,2.5
10,6383,2
10,6502,4.5
10,7444,1
10,7566,4
10,8810,3.5
10,52767,4.5
10,53000,4
11,277,2.5
11,372,4.5
11,527,4
11,1203,2.5
11,1207,3
11,2329,2.5
11,2581,3
11,2694,2.5
11,2858,2.5
11,2881,2.5
11,3146,2
11,4210,4
11,4745,3.5
11,4993,4
11,5296,3
11,5618,1
11,6535,2.5
11,7153,4
11,8910,2.5
11,33669,3
11,42723,3.5
11,48043,4
11,54272,4.5
12,2,2
12,7,3
12,10,3
12,16,5
12,18,4
12,20,1
12,21,2
12,22,3
12,25,3
12,27,2
12,31,2
12,32,2
12,36,4
12,39,4
12,45,2
12,48,2
12,54,2
12,62,3
12,68,3
12,88,2.5
12,101,4
12,140,3
12,141,4
12,160,2
12,163,4
12,165,4
12,168,3
12,176,5
12,185,2
12,186,2.5
12,203,2.5
12,209,4
12,215,4
12,222,3
12,231,2
12,235,4
12,236,3.5
12,238,3
12,252,2
12,253,3.5
12,256,1.5
12,257,3
12,261,3.5
12,265,4
12,268,4
12,292,2.5
12,313,3
12,316,3
12,317,2
12,319,4
12,329,3
12,342,4
12,343,1.5
12,344,2.5
12,351,3
12,367,2
12,368,2
12,374,1
12,376,3
12,377,4
12,410,2
12,413,3
12,433,1.5
12,435,2.5
12,441,3.5
12,442,2
12,450,3
12,466,3
12,471,4
12,477,4
12,478,1.5
12,489,1.5
12,497,3
12,500,4
12,505,2
12,508,3.5
12,514,3
12,515,4
12,516,2
12,518,2
12,520,4
12,524,3
12,527,5
12,528,2
12,531,3
12,532,2.5
12,538,4
12,543,3
12,546,1
12,551,4
12,555,4
12,562,3.5
12,575,2
12,585,0.5
12,586,3
12,594,3.5
12,603,1
12,605,3
12,608,5
12,613,3
12,627,4.5
12,648,2
12,663,4
12,708,2
12,719,2
12,724,2
12,728,2.5
12,736,3
12,745,4
12,765,2
12,784,2
12,805,4
12,832,2
12,851,4
12,852,1
12,880,1
12,908,4.5
12,910,4
12,911,5
12,912,4.5
12,914,3
12,919,4
12,923,5
12,926,4.5
12,928,4
12,932,4
12,1013,3
12,1015,3.5
12,1020,1.5
12,1027,3
12,1034,4
12,1035,3
12,1036,4
12,1041,5
12,1042,2.5
12,1043,2.5
12,1057,4
12,1059,4
12,1060,4.5
12,1079,4.5
12,1080,3
12,1088,4
12,1091,3.5
12,1097,5
12,1100,2.5
12,1120,3
12,1126,1.5
12,1135,4.5
12,1136,4.5
12,1148,5
12,1175,4.5
12,1183,3.5
12,1188,4
12,1194,3
12,1196,5
12,1200,3.5
12,1207,4.5
12,1208,3.5
12,1212,3.5
12,1213,5
12,1214,4
12,1219,5
12,1220,4
12,1221,4
12,1222,4
12,1223,4
12,1225,4
12,1231,3
12,1235,4.5
12,1242,4
12,1243,5
12,1246,4
12,1257,4.5
12,1258,5
12,1259,5
12,1261,4
12,1265,4
12,1267,4
12,1269,3.5
12,1270,4
12,1271,4
12,1285,4
12,1288,5
12,1307,3.5
12,1330,2.5
12,1339,4
12,1343,4.5
12,1347,3.5
12,1357,4
12,1358,3.5
12,1361,3
12,1363,2
12,1367,1
12,1378,4
12,1380,4
12,1387,4
12,1391,4
12,1393,3
12,1394,5
12,1396,4
12,1405,2
12,1407,3
12,1409,1
12,1411,2.5
12,1440,2
12,1441,4
12,1449,3.5
12,1461,1
12,1466,2.5
12,1474,2
12,1476,1.5
12,1485,1
12,1487,2.5
12,1499,1
12,1500,2
12,1513,3
12,1515,2.5
12,1518,3
12,1522,3
12,1526,1.5
12,1544,2
12,1552,2
12,1580,3.5
12,1584,3
12,1586,3
12,1596,3
12,1617,4
12,1635,3
12,1641,4
12,1642,3
12,1643,4
12,1644,2.5
12,1654,2.5
12,1665,2
12,1673,4
12,1680,4.5
12,1682,2
12,1693,4
12,1704,3
12,1721,4
12,1722,4
12,1732,4.5
12,1760,3.5
12,1777,2
12,1784,4.5
12,1816,3.5
12,1827,3.5
12,1836,2
12,1855,2
12,1882,2
12,1884,3.5
12,1895,3
12,1914,3
12,1917,2
12,1923,2
12,1947,3
12,1951,3
12,1955,5
12,1960,4
12,1961,4
12,1963,2.5
12,1967,4
12,2000,2.5
12,2003,3
12,2004,2
12,2005,5
12,2011,2
12,2012,2
12,2028,4
12,2042,1
12,2052,1
12,2054,2.5
12,2065,3
12,2071,4.5
12,2082,2.5
12,2083,2
12,2084,1
12,2087,2.5
12,2096,2.5
12,2100,3
12,2108,4
12,2112,4
12,2124,3
12,2133,4
12,2137,4
12,2144,4.5
12,2145,4
12,2149,1
12,2174,4.5
12,2193,4
12,2245,4
12,2248,4
12,2249,2.5
12,2252,2
12,2253,3
12,2268,3
12,2279,2
12,2291,4.5
12,2294,3
12,2302,4
12,2318,2
12,2321,3
12,2327,2
12,2336,3.5
12,2356,3
12,2369,2.5
12,2371,1
12,2374,3
12,2375,4
12,2381,1
12,2383,1
12,2390,3.5
12,2393,3
12,2395,5
12,2396,4
12,2413,4.5
12,2421,1
12,2422,1
12,2423,2
12,2424,2
12,2431,2.5
12,2437,3
12,2447,2
12,2459,3
12,2460,1.5
12,2468,2.5
12,2469,3
12,2481,3.5
12,2482,2
12,2500,2
12,2552,1
12,2580,2.5
12,2599,3.5
12,2628,3
12,2640,4
12,2657,3.5
12,2671,3
12,2683,1
12,2692,5
12,2693,4
12,2699,3
12,2710,4
12,2716,4
12,2718,3
12,2733,1
12,2739,4
12,2746,3
12,2762,4
12,2770,4.5
12,2788,5
12,2791,4.5
12,2794,4
12,2796,2.5
12,2797,4
12,2798,1
12,2804,3
12,2815,1
12,2822,1
12,2858,4
12,2863,5
12,2871,4
12,2877,2.5
12,2881,2
12,2888,2.5
12,2902,1
12,2908,5
12,2918,5
12,2927,4
12,2946,4
12,2947,4
12,2948,3
12,2950,1
12,2953,2
12,2959,3
12,2967,3
12,2987,4
12,2997,4
12,3020,4
12,3033,4
12,3034,4
12,3044,2.5
12,3045,4.5
12,3060,4.5
12,3082,3
12,3087,4
12,3089,3.5
12,3105,2.5
12,3168,2
12,3174,2
12,3186,2
12,3210,4
12,3243,2
12,3247,2
12,3249,1
12,3250,3.5
12,3253,4
12,3254,2
12,3255,4
12,3257,2
12,3261,3
12,3262,2
12,3263,2
12,3264,3
12,3274,2
12,3285,2
12,3296,4.5
12,3317,4
12,3358,2
12,3363,4
12,3387,1
12,3388,3
12,3391,2
12,3392,1
12,3396,4
12,3397,2.5
12,3398,4.5
12,3418,4
12,3429,4
12,3435,4
12,3448,4
12,3451,4.5
12,3465,1
12,3478,2.5
12,3480,4
12,3481,5
12,3499,3
12,3507,4.5
12,3527,3
12,3538,4
12,3545,2.5
12,3546,4
12,3578,3.5
12,3581,3
12,3608,4
12,3618,4.5
12,3633,3
12,3669,2.5
12,3686,2.5
12,3712,4.5
12,3740,1.5
12,3751,4
12,3755,2
12,3777,2.5
12,3783,4
12,3793,2
12,3794,2
12,3809,1
12,3823,3
12,3826,1
12,3844,4
12,3863,1.5
12,3877,1
12,3893,2
12,3897,4.5
12,3911,4.5
12,3948,2
12,3952,2.5
12,3967,5
12,3969,3
12,4002,4
12,4015,3
12,4017,3.5
12,4022,3
12,4025,3.5
12,4027,4
12,4039,2.5
12,4040,2.5
12,4066,4
12,4080,2
12,4090,4
12,4100,1
12,4103,4
12,4104,1
12,4105,4
12,4121,3
12,4125,1
12,4127,1
12,4128,4
12,4135,2.5
12,4175,3
12,4225,3.5
12,4306,4
12,4308,3.5
12,4378,4
12,4386,1
12,4559,1.5
12,4571,4
12,4616,4
12,4638,2
12,4679,2.5
12,4700,3.5
12,4703,4
12,4733,2.5
12,4812,2.5
12,4878,4
12,4896,4
12,4979,4.5
12,4993,2
12,5008,4
12,5013,4
12,5034,4
12,5103,2.5
12,5119,4.5
12,5171,2.5
12,5349,3
12,5377,4.5
12,5378,3.5
12,5380,3.5
12,5401,2.5
12,5404,4.5
12,5459,2
12,5464,3.5
12,5525,3.5
12,5541,3.5
12,5577,4
12,5617,3
12,5618,4
12,5669,4
12,5693,4
12,5785,2
12,5796,4
12,5816,3.5
12,5872,3
12,5876,3.5
12,5944,3.5
12,5994,3
12,6027,3.5
12,6104,4
12,6218,4
12,6254,4
12,6268,3
12,6296,3.5
12,6297,3.5
12,6331,4
12,6377,4
12,6378,3
12,6385,3.5
12,6436,4
12,6502,4
12,6539,3.5
12,6711,4.5
12,6750,3
12,6773,4.5
12,6863,3.5
12,6867,4
12,6942,3
12,6979,4
12,7352,4
12,7451,3
12,7647,4
12,7983,3.5
12,8017,3.5
12,8040,4
12,8183,4.5
12,8360,3.5
12,8365,3
12,8376,4
12,8464,4
12,8532,4
12,8622,4
12,8638,4
12,8712,4
12,8827,4.5
12,8874,4.5
12,8910,3.5
12,8949,4.5
12,8951,4
12,8970,4
12,25777,4
12,27790,3.5
12,27831,3
12,30707,4
12,30749,4.5
12,31435,4
12,32291,3.5
12,32943,4.5
12,33004,4
12,33171,3.5
12,33493,4
12,33639,3.5
12,33679,3
12,33722,3
12,33817,3.5
12,34072,4
12,38038,3.5
12,40278,3.5
12,40629,3.5
12,40815,4
12,40952,2.5
12,41285,3
12,41712,3.5
12,42018,3.5
12,44195,3.5
12,44761,3.5
12,45950,4.5
12,46578,4
12,46967,3
12,46976,3.5
12,47629,4
12,47894,3.5
12,48516,4
12,48738,4.5
12,49272,4.5
12,49961,4
12,50068,4.5
12,51255,3.5
12,51694,4
12,52952,4.5
12,54001,3.5
12,54272,4
12,55052,4
12,55276,4
12,55442,4.5
12,55814,4
12,56367,4
12,56788,3.5
12,58879,3
12,61319,4
12,63808,4
12,63876,4
12,64620,4.5
12,68237,4.5
12,68358,4
12,69122,5
12,69481,4
12,69757,3
12,70293,4.5
12,72011,4
12,72226,3.5
12,72720,4
12,72998,4
12,73860,3.5
12,74416,3
12,74677,3.5
13,19,3.5
13,32,4
13,34,4
13,60,0.5
13,70,3.5
13,104,4
13,112,4
13,141,4.5
13,153,1
13,208,3.5
13,216,3
13,231,5
13,256,2
13,277,3
13,303,3
13,344,4
13,367,4
13,377,3.5
13,432,2.5
13,441,4.5
13,455,1.5
13,520,3.5
13,541,3.5
13,551,4.5
13,553,4
13,648,3.5
13,736,3
13,745,4
13,924,3.5
13,1035,3.5
13,1049,4
13,1073,4.5
13,1079,4.5
13,1097,4
13,1136,4
13,1196,5
13,1200,4
13,1206,4.5
13,1214,5
13,1240,3.5
13,1265,4
13,1266,4.5
13,1270,4.5
13,1278,5
13,1359,2
13,1377,3.5
13,1378,3.5
13,1441,2.5
13,1500,4
13,1527,4.5
13,1562,0.5
13,1580,3.5
13,1584,4
13,1616,3.5
13,1704,4.5
13,1721,3.5
13,1732,5
13,1748,3
13,1921,3.5
13,1923,4
13,2011,3.5
13,2012,3.5
13,2028,4.5
13,2046,3
13,2060,4
13,2141,3.5
13,2142,4.5
13,2232,3.5
13,2288,4
13,2296,2.5
13,2329,4
13,2355,4
13,2366,3.5
13,2501,4.5
13,2502,5
13,2571,4.5
13,2628,4
13,2683,3.5
13,2701,1.5
13,2710,0.5
13,2716,4.5
13,2746,4
13,2761,5
13,2762,3
13,2826,3.5
13,2858,4
13,2916,3.5
13,2918,4.5
13,2959,5
13,3000,5
13,3033,4
13,3074,4.5
13,3100,4.5
13,3113,3
13,3147,4.5
13,3175,4
13,3210,3.5
13,3275,4.5
13,3300,4.5
13,3354,3.5
13,3418,2.5
13,3471,4
13,3508,4.5
13,3527,3.5
13,3578,4.5
13,3624,3
13,3671,4.5
13,3698,2.5
13,3703,3
13,3745,3
13,3793,4
13,3916,3.5
13,3948,4
13,3972,4.5
13,3981,2.5
13,3986,2
13,3994,3.5
13,4027,4.5
13,4161,3.5
13,4306,4
13,4321,3
13,4343,3.5
13,4558,2.5
13,4643,2.5
13,4721,2.5
13,4816,3.5
13,4878,4.5
13,4887,3
13,4896,3.5
13,4963,4
13,4993,4.5
13,5010,4
13,5072,3
13,5110,4
13,5219,3
13,5244,4
13,5349,4.5
13,5378,3
13,5418,4.5
13,5444,3.5
13,5445,3.5
13,5459,3
13,5463,2
13,5502,3
13,5528,0.5
13,5816,3.5
13,5881,3.5
13,5882,3.5
13,5903,3
13,5952,4.5
13,5956,4.5
13,5989,4.5
13,6188,4
13,6264,2.5
13,6294,2
13,6333,3.5
13,6365,3
13,6377,4
13,6502,5
13,6537,2.5
13,6539,4
13,6753,4
13,6874,4
13,6934,3
13,6936,1
13,6950,3.5
13,6951,0.5
13,7004,2.5
13,7090,5
13,7143,4.5
13,7153,4.5
13,7254,2
13,7360,4.5
13,7361,3.5
13,7373,3.5
13,7438,4
13,7445,4.5
13,7458,2
13,7482,5
13,8360,3.5
13,8361,3
13,8366,3
13,8371,3.5
13,8622,4
13,8636,4
13,8665,4.5
13,8861,2.5
13,8865,1.5
13,8874,5
13,8957,3.5
13,26925,4
13,27831,5
13,27904,3.5
13,31878,4.5
13,32031,3.5
13,32587,4.5
13,33004,4
13,33158,0.5
13,33493,3.5
13,33495,0.5
13,33794,4.5
13,33836,1
13,34048,3.5
13,34111,4
13,34150,2.5
13,34162,3.5
13,34319,2.5
13,34405,5
13,35836,3.5
13,37380,2
13,37830,3.5
13,39381,4
13,40815,3.5
13,41569,4.5
13,42718,3.5
13,43396,4.5
13,44191,4.5
13,44195,4.5
13,44199,4
13,44665,4
13,45499,3
13,45722,3
13,46322,4.5
13,46578,5
13,47997,3.5
13,48043,3.5
13,48516,5
13,48780,4.5
13,49272,5
13,50872,4.5
13,51255,4.5
13,51662,4
13,51698,1.5
13,52281,3.5
13,52321,3.5
13,52328,3
13,52722,3
13,52973,4
13,53000,3.5
13,53121,2.5
13,53125,1.5
13,53322,2.5
13,53519,4
13,53996,3
13,54001,3.5
13,54256,3.5
13,54286,4.5
13,54503,4
13,54997,4.5
13,55232,3
13,55247,5
13,55363,4.5
13,55620,3.5
13,55908,4
13,56145,4.5
13,56174,3.5
13,56757,3
13,57368,4.5
13,57640,3
13,59103,2.5
13,59126,4.5
13,59295,0.5
13,59315,4.5
13,59369,4
13,59784,3.5
13,60037,1.5
13,60040,3.5
13,60647,3.5
13,60684,3.5
13,60756,3.5
13,61024,4
13,61160,2.5
13,61289,1
13,61986,4
13,62434,4
13,63072,4.5
13,63113,4.5
13,63131,4
13,63853,2.5
13,65514,3
13,66097,3.5
13,66171,1.5
13,66335,4
13,67087,4
13,67408,3
13,68237,4.5
13,68319,3
13,68358,3
13,68791,3
13,68952,1.5
13,69122,4
13,69526,1
13,69844,3.5
13,69951,2
13,70286,4.5
13,70336,0.5
13,71135,4
13,71156,4
13,71379,1.5
13,71535,4
13,72226,4.5
13,72378,2
13,72393,2
13,72998,4
13,73321,3.5
13,73870,1
13,74458,3
13,74688,0.5
13,74789,3
13,74851,3.5
13,76093,4
13,76175,4
13,77561,4
13,77866,2
13,78105,2.5
13,78266,1
13,78469,3
13,78637,3
13,78893,2.5
13,79132,4.5
13,79139,2.5
13,79293,1
13,80939,3.5
13,81537,4
13,81834,3.5
13,81847,3.5
13,82459,4.5
13,82461,3.5
13,82852,2
13,83349,3
13,84944,4
13,86332,2.5
13,87306,3.5
13,87869,4
13,88125,4
13,88129,4
13,88163,3.5
13,88785,3
13,89840,3
14,527,5
14,608,5
14,1265,4.5
14,2329,4
14,2858,5
14,2959,5
14,4993,4
14,7438,4.5
14,8874,4
14,34405,4
14,46976,4.5
14,63082,4.5
14,64614,4.5
14,69757,4
14,70286,5
14,94959,5
14,111759,4.5
14,171763,5
15,141,5
15,216,4
15,349,5
15,541,5
15,543,5
15,608,5
15,736,3
15,1088,2
15,1103,5
15,1136,5
15,1183,5
15,1189,4
15,1246,5
15,1265,5
15,1288,4
15,1385,3
15,1394,5
15,1479,5
15,1488,5
15,1500,5
15,1527,4
15,1580,4
15,1608,5
15,1610,5
15,1918,3
15,1923,5
15,1961,5
15,2028,5
15,2153,3
15,2165,5
15,2373,2
15,2387,5
15,2427,5
15,2539,4
15,2571,5
15,2598,3
15,2640,2
15,2672,5
15,2677,5
15,2699,3
15,2710,4
15,2735,2
15,2802,3
15,2815,2
15,2858,5
15,2916,4
15,2918,5
15,2987,3
15,2997,5
15,3020,5
15,3060,5
15,3108,5
15,3298,5
15,3863,4
15,3977,3
15,4022,5
15,8665,4.5
16,1193,4.5
16,1221,5
16,1240,5
16,1704,4.5
16,1961,4
16,2023,4
16,2028,4
16,2858,5
16,2959,5
16,3000,5
16,4993,4
16,5618,5
16,5952,4
16,5971,3
16,5995,4.5
16,26903,4
16,31658,5
16,73881,4
17,5055,4
17,6377,2.5
17,6942,4
17,36086,4
17,47099,3
17,51662,2.5
17,59315,3
17,59784,5
17,62999,5
17,72998,4.5
17,77561,4
17,78105,2.5
17,88140,4
17,89745,3.5
17,95167,3
17,102125,5
17,108932,3
17,111759,3
17,122892,4
17,122920,4
18,5,4
18,7,4
18,10,4
18,11,4
18,17,3
18,19,4
18,95,3
18,141,4
18,153,3.5
18,160,3
18,165,3
18,186,3
18,253,4
18,266,0.5
18,288,1
18,329,3
18,344,4
18,349,4
18,353,4
18,357,3.5
18,367,3
18,410,3
18,432,2
18,434,0.5
18,500,4
18,541,3
18,551,4
18,586,2.5
18,587,2.5
18,597,3
18,608,3.5
18,648,4
18,708,4
18,733,4
18,736,4
18,784,3
18,802,4
18,919,4
18,924,3
18,1036,4
18,1080,3
18,1094,1
18,1097,3
18,1101,2
18,1136,4.5
18,1196,5
18,1200,4
18,1208,5
18,1214,4
18,1218,0.5
18,1220,5
18,1222,2
18,1225,4
18,1234,4
18,1240,5
18,1258,4
18,1265,5
18,1270,2
18,1278,4
18,1287,0.5
18,1304,0.5
18,1307,3.5
18,1370,4
18,1374,4
18,1527,3
18,1573,4
18,1580,4
18,1584,3
18,1608,4
18,1610,4
18,1641,3
18,1663,4
18,1682,3.5
18,1704,3.5
18,1721,2.5
18,1917,3.5
18,1923,3
18,2000,4
18,2006,3.5
18,2028,2
18,2124,3.5
18,2167,3
18,2174,4
18,2194,4
18,2268,4.5
18,2291,3.5
18,2353,3.5
18,2423,4
18,2529,1.5
18,2571,5
18,2617,5
18,2628,4
18,2640,2.5
18,2654,4
18,2683,4
18,2710,3
18,2712,3
18,2716,4
18,2762,5
18,2791,4
18,2797,3
18,2858,4.5
18,2916,3
18,2918,4
18,2947,3
18,3101,3.5
18,3105,3.5
18,3114,3
18,3271,4
18,3355,3.5
18,3421,4
18,3471,3.5
18,3499,3
18,3552,5
18,3578,4
18,3793,4
18,3897,4
18,4085,2.5
18,4270,4
18,4306,3
18,4643,2.5
18,4963,4
18,4993,5
18,5349,4
18,5378,3
18,5445,3.5
18,5911,0.5
18,5952,4
18,6333,4
18,6377,4
18,6539,4
18,6754,4
18,6796,0.5
18,6818,0.5
18,6874,4
18,6979,3.5
18,7027,0.5
18,7090,0.5
18,7143,4
18,7153,4
18,7386,3.5
18,7454,4
18,7720,3.5
18,7844,0.5
18,8589,0.5
18,8623,4
18,8827,4
18,26375,2
19,2,3.5
19,44,2
19,48,1.5
19,123,4.5
19,158,3
19,231,4
19,367,3.5
19,541,4.5
19,594,2.5
19,673,2.5
19,745,3.5
19,783,2.5
19,924,5
19,968,4
19,1015,3
19,1022,2
19,1029,2
19,1136,5
19,1148,3.5
19,1196,4
19,1200,4
19,1206,4.5
19,1208,4.5
19,1214,5
19,1258,3.5
19,1270,4
19,1281,5
19,1282,4
19,1287,4
19,1333,3.5
19,1367,2.5
19,1391,4
19,1527,3.5
19,1641,4
19,1673,4
19,1690,4
19,1721,3.5
19,1722,2.5
19,1809,4
19,1907,2.5
19,1909,3
19,1911,1.5
19,1954,3
19,2006,3
19,2010,5
19,2080,2
19,2273,2
19,2288,3.5
19,2294,2
19,2313,4
19,2355,3
19,2394,2.5
19,2409,3
19,2410,3
19,2411,3.5
19,2412,4
19,2529,4
19,2571,4
19,2628,4
19,2716,5
19,2810,4.5
19,2959,3.5
19,2997,4.5
19,3000,5
19,3147,3
19,3310,4.5
19,3462,4
19,3483,2.5
19,3578,4
19,3615,2.5
19,3624,3
19,3751,3
19,3785,1.5
19,3793,2
19,3945,3
19,3949,4
19,3967,3.5
19,4022,3.5
19,4105,3.5
19,4144,4.5
19,4148,3.5
19,4270,1.5
19,4306,3
19,4308,2.5
19,4310,1.5
19,4312,3.5
19,4366,3
19,4368,1
19,4446,2.5
19,4638,2
19,4640,3.5
19,4643,2.5
19,4701,2
19,4718,1.5
19,4828,2.5
19,4896,3
19,4963,2.5
19,4989,2
19,4993,4.5
19,5072,4
19,5218,3
19,5349,1.5
19,5378,3
19,5444,3
19,5459,2.5
19,5618,5
19,5630,3
19,5690,5
19,5816,3.5
19,5858,3.5
19,5872,2.5
19,5952,5
19,5956,3
19,5971,5
19,5995,4.5
19,6156,1
19,6333,3
19,6365,3
19,6373,3
19,6377,2.5
19,6502,4
19,6534,2.5
19,6539,2.5
19,6550,3.5
19,6618,4
19,6711,4.5
19,6773,4
19,6863,3
19,6874,4
19,6934,2.5
19,6979,4
19,7022,5
19,7143,2.5
19,7153,5
19,7318,2
19,7438,3.5
19,7439,1.5
19,7458,3
19,8253,4
19,8327,5
19,8360,2.5
19,8361,2.5
19,8464,4
19,8636,2.5
19,8874,4
19,8917,2
19,8947,2
19,8957,2
19,8977,3
19,8983,3.5
19,26463,3.5
19,26776,5
19,26840,3.5
19,26903,5
19,27344,4
19,27604,3
19,27608,4
19,27704,3
19,27728,5
19,27731,3.5
19,30707,4
19,30803,4.5
19,30867,5
19,31410,3
19,31437,3.5
19,31658,5
19,31878,4
19,32840,4
19,33162,2
19,33270,5
19,33493,3.5
19,33679,2
19,33794,2.5
19,35836,2.5
19,37729,3
19,39183,3.5
19,40815,3
19,41569,3
19,44115,2.5
19,44191,3.5
19,44849,4
19,45447,2
19,45499,2
19,45722,2
19,46578,3
19,47629,3
19,47997,3.5
19,48385,3
19,49272,2.5
19,49651,4.5
19,50068,3.5
19,50583,3.5
19,50804,3
19,50872,3.5
19,51255,5
19,51662,3
19,52885,5
19,53000,3
19,54001,3
19,54272,4
19,54617,2
19,55247,3
19,55442,4
19,56174,2.5
19,56631,3
19,59315,2.5
19,59784,3.5
19,60040,2.5
19,60609,1.5
19,60684,3.5
19,60760,3
19,61236,4
19,62203,3.5
19,63082,3.5
19,64614,4.5
19,64839,3
19,65261,5
19,66371,5
19,66854,4
19,68319,1.5
19,69844,3
19,70286,2.5
19,71438,4.5
19,72378,2.5
19,72641,3.5
19,72998,3.5
19,74458,3.5
19,76251,3.5
19,77353,3
19,79132,3.5
19,79702,3
19,81018,4
19,81834,3
19,81845,3.5
19,82169,2
19,83132,3.5
19,83134,3.5
19,83525,3.5
19,84772,3
19,85549,4
19,85788,3
19,86279,4.5
19,86973,4
19,87232,2
19,87306,3.5
19,88125,3
19,88163,1
19,88810,4
19,90057,4
19,90522,3
19,90943,4
19,91529,3
19,91542,2.5
19,91658,2
19,92422,3
19,93240,3.5
19,93610,1.5
19,93748,4
19,94864,2.5
19,94959,4
19,94978,5
19,95510,1.5
19,95654,3
19,96079,3
19,96610,2.5
19,96907,4
19,97401,4
19,97752,3
19,97938,3
19,98056,4.5
19,98491,5
19,98604,3.5
19,98607,5
19,99114,3
19,101962,2.5
19,102995,3.5
19,103228,5
19,103341,4
19,103525,3
19,103624,4
19,103984,4
19,104283,5
19,104908,2.5
19,105703,3
19,106163,4
19,106489,1.5
19,106696,3
19,106782,2
19,108977,4
19,109364,5
19,109633,4.5
19,109848,4
19,110102,1.5
19,111362,2
19,111759,3
19,112512,4
19,112552,5
19,112807,5
19,114552,3.5
19,114554,5
19,114627,3.5
19,115231,3.5
19,116136,4
19,116797,3.5
19,116899,4
19,116905,3.5
19,117176,3.5
19,117438,4
19,118466,4
19,118702,2.5
19,121302,4
19,122882,3.5
19,122884,2
19,122886,4
19,125231,3.5
19,125704,3.5
19,126082,3
19,126090,4.5
19,126134,5
19,126584,3.5
19,130644,4
19,132169,3
19,133832,2.5
19,134370,4
19,134853,4
19,135456,5
19,136449,5
19,139859,2
19,140106,3.5
19,140807,3.5
19,140809,3.5
19,140811,4
19,141432,5
19,142450,4.5
19,142452,4
19,142566,4
19,142843,3
19,145034,4
19,146656,5
19,148172,2
19,148466,4
19,148470,4
19,148472,4
19,149144,4
19,149146,4
19,152081,3.5
20,2,2.5
20,44,3
20,317,2.5
20,367,4
20,1036,5
20,1097,5
20,1193,5
20,1196,5
20,1200,5
20,1204,4
20,1214,5
20,1220,4
20,1250,4.5
20,1266,4.5
20,1270,4
20,1276,5
20,1371,4
20,1372,4.5
20,1389,0.5
20,1580,4
20,1722,4
20,2001,4
20,2006,3.5
20,2054,3
20,2193,4.5
20,2401,4.5
20,2571,5
20,2628,4.5
20,2716,4.5
20,2804,4.5
20,2872,3
20,2948,4.5
20,2949,4.5
20,3101,4
20,3176,2.5
20,3471,4.5
20,3508,5
20,3654,4
20,3753,3.5
20,3873,5
20,4124,0.5
20,4306,4
20,4571,1
20,4896,4.5
20,4993,5
20,5040,4
20,5816,4.5
20,5952,5
20,6263,4.5
20,6483,0.5
20,6539,4.5
20,6561,4
20,6582,4.5
20,6585,4
20,6652,3.5
20,6658,2
20,6659,4
20,6662,4.5
20,6663,4.5
20,7153,5
20,35836,4